产品名字,产品型号,产品价格,产品以前价格,产品颜色,产品尺寸,产品详情,产品图片,产品位置,适合人群,产品页面编号,产品urlgoods_name,goods_model,goods_price,goods_discount_price,goods_color,goods_size,goods_details,goods_images,goods_num,gender,goods_page,goods_urlOT BEANIE,12604323364949,$14.00,$0,BURNT SIENNA,['O/S'],[],['https://cdn.shopify.com/s/files/1/1847/7061/products/MATIX3_1024x1024.jpg?v=1536358295'],5,all,1,https://matixclothing.com/collections/headwear/products/ot-beanie?variant=12604323364949Corporate Polo Cap,2324683325449,$19.60,$0,OFFWHITE,['OS'],[],['https://cdn.shopify.com/s/files/1/1847/7061/products/MTZ00444S8_OFWT_1_1024x1024.jpg?v=1521573769'],9,all,1,https://matixclothing.com/collections/headwear/products/corporate-polo-cap?variant=2324683325449Far West Polo - Hat,2324683554825,$19.60,$0,ARMY,['OS'],[],['https://cdn.shopify.com/s/files/1/1847/7061/products/MTZ00447S8_ARMY_1_1024x1024.jpg?v=1521573792'],7,all,1,https://matixclothing.com/collections/headwear/products/far-west-polo-hat?variant=2324683554825BURNOUT ADJUSTABLE HAT,12604339257429,$19.60,$0,BLACK,['O/S'],[],['https://cdn.shopify.com/s/files/1/1847/7061/products/MATIX5_1024x1024.jpg?v=1536358798'],4,all,1,https://matixclothing.com/collections/headwear/products/burnout-adjustable-hat?variant=12604339257429Hall Of Fame Cap,2324683423753,$19.60,$0,BLACK,['OS'],[],['https://cdn.shopify.com/s/files/1/1847/7061/products/MTZ00445S8_BLK_1_1024x1024.jpg?v=1521573782'],8,all,1,https://matixclothing.com/collections/headwear/products/hall-of-fame-cap?variant=2324683423753OT BEANIE,12604323397717,$14.00,$0,FOREST GREEN,['O/S'],[],['https://cdn.shopify.com/s/files/1/1847/7061/products/MATIX2_1024x1024.jpg?v=1536358298'],6,all,1,https://matixclothing.com/collections/headwear/products/ot-beanie?variant=12604323397717Coastman - Hat,2324683227145,$19.60,$0,MARINE,['OS'],[],['https://cdn.shopify.com/s/files/1/1847/7061/products/MTZ00443S8_MARN_1_1024x1024.jpg?v=1521573803'],10,all,1,https://matixclothing.com/collections/headwear/products/coastman-hat?variant=2324683227145TERRAIN BEANIE,12604387262549,$14.00,$0,FOREST GREEN,['O/S'],[],['https://cdn.shopify.com/s/files/1/1847/7061/products/MATIX_1024x1024.jpg?v=1536360296'],1,all,1,https://matixclothing.com/collections/headwear/products/terrain-beanie?variant=12604387262549GLOBAL TERRY POLO HAT,12604357771349,$19.60,$0,HEATHER GREY,['O/S'],[],['https://cdn.shopify.com/s/files/1/1847/7061/products/MATIX7_1024x1024.jpg?v=1536359371'],3,all,1,https://matixclothing.com/collections/headwear/products/global-terry-polo-hat?variant=12604357771349TRIPPER ADJUSTABLE HAT,12604383985749,$19.60,$0,BLACK,['O/S'],[],['https://cdn.shopify.com/s/files/1/1847/7061/products/MATIX6_1024x1024.jpg?v=1536360169'],2,all,1,https://matixclothing.com/collections/headwear/products/tripper-adjustable-hat?variant=12604383985749Zander Beanie,977150214153,$25.20,$0,Black,['OS'],[],['https://cdn.shopify.com/s/files/1/1847/7061/products/A3BNE008_001_f4613566-8a5e-4d93-8188-3d318ede23f5_1024x1024.jpg?v=1513032231'],1,all,3,https://matixclothing.com/collections/headwear/products/zander-beanie-1?variant=977150214153Zander Beanie,977150246921,$25.20,$0,Navy,['OS'],[],['https://cdn.shopify.com/s/files/1/1847/7061/products/A3BNE008_410_201b4aac-654c-4282-9263-125dd6660786_1024x1024.jpg?v=1513032231'],2,all,3,https://matixclothing.com/collections/headwear/products/zander-beanie-1?variant=977150246921The Weather Man Polo Hat,977450336265,$19.60,$0,BLACK,['OS'],[],['https://cdn.shopify.com/s/files/1/1847/7061/products/MTZ00440F7_BLK_1024x1024.jpg?v=1513031928'],1,all,2,https://matixclothing.com/collections/headwear/products/the-weather-man-polo-hat?variant=977450336265Mellow Polo Hat,977366941705,$19.60,$0,BLACK,['OS'],[],['https://cdn.shopify.com/s/files/1/1847/7061/products/A6HAT014_BLK_1024x1024.jpg?v=1513032038'],15,all,2,https://matixclothing.com/collections/headwear/products/mellow-polo-hat?variant=977366941705Work Hat,977407016969,$19.60,$0,DARK RED,['OS'],[],['https://cdn.shopify.com/s/files/1/1847/7061/products/AHHAT023F7_RED_1_1024x1024.jpg?v=1513031989'],14,all,2,https://matixclothing.com/collections/headwear/products/work-hat?variant=977407016969Zander Beanie,977422909449,$25.20,$0,Navy,['OS'],[],['https://cdn.shopify.com/s/files/1/1847/7061/products/MAX0000078_410_1024x1024.jpg?v=1513031964'],10,all,2,https://matixclothing.com/collections/headwear/products/zander?variant=977422909449Baddle Beanie,977408262153,$14.00,$0,Black,['OS'],[],['https://cdn.shopify.com/s/files/1/1847/7061/products/MAA0000094_001_1024x1024.jpg?v=1513031987'],11,all,2,https://matixclothing.com/collections/headwear/products/baddle?variant=977408262153Work Hat,977406984201,$19.60,$0,NAVY,['OS'],[],['https://cdn.shopify.com/s/files/1/1847/7061/products/AHHAT023F7_NVY_1_1024x1024.jpg?v=1513031989'],13,all,2,https://matixclothing.com/collections/headwear/products/work-hat?variant=977406984201Reserve Beanie,977450008585,$19.60,$0,BROWN,['OS'],[],['https://cdn.shopify.com/s/files/1/1847/7061/products/MTZ00366H6_BRN_1024x1024.jpg?v=1513031929'],8,all,2,https://matixclothing.com/collections/headwear/products/reserve-beanie?variant=977450008585Reserve Beanie,977449975817,$19.60,$0,ARMY,['OS'],[],['https://cdn.shopify.com/s/files/1/1847/7061/products/MTZ00366H6_ARMY_1024x1024.jpg?v=1513031929'],7,all,2,https://matixclothing.com/collections/headwear/products/reserve-beanie?variant=977449975817Zander Beanie,977422876681,$25.20,$0,Black,['OS'],[],['https://cdn.shopify.com/s/files/1/1847/7061/products/MAX0000078_001_1024x1024.jpg?v=1513031964'],9,all,2,https://matixclothing.com/collections/headwear/products/zander?variant=977422876681Mellow Polo Hat,977366974473,$19.60,$0,BURGUNDY,['OS'],[],['https://cdn.shopify.com/s/files/1/1847/7061/products/A6HAT014_BUR_1_1024x1024.jpg?v=1513032038'],16,all,2,https://matixclothing.com/collections/headwear/products/mellow-polo-hat?variant=977366974473Work Hat,977406951433,$19.60,$0,BLACK,['OS'],[],['https://cdn.shopify.com/s/files/1/1847/7061/products/AHHAT023F7_BLK_1_1024x1024.jpg?v=1513031989'],12,all,2,https://matixclothing.com/collections/headwear/products/work-hat?variant=977406951433Street Beanie,977450041353,$15.40,$0,ARMY,['OS'],[],['https://cdn.shopify.com/s/files/1/1847/7061/products/MTZ00367H6_ARMY_1024x1024.jpg?v=1513031929'],5,all,2,https://matixclothing.com/collections/headwear/products/street-beanie?variant=977450041353Street Beanie,977450074121,$15.40,$0,BLACK,['OS'],[],['https://cdn.shopify.com/s/files/1/1847/7061/products/MTZ00367H6_BLK_1024x1024.jpg?v=1513031929'],6,all,2,https://matixclothing.com/collections/headwear/products/street-beanie?variant=977450074121The Recruit Hat,977450237961,$19.60,$0,BLACK,['OS'],[],['https://cdn.shopify.com/s/files/1/1847/7061/products/MTZ00433F7_BLK_1024x1024.jpg?v=1513906283'],2,all,2,https://matixclothing.com/collections/headwear/products/the-recruit-hat?variant=977450237961Seasons Beanie,977450106889,$15.40,$0,FOREST,['OS'],[],['https://cdn.shopify.com/s/files/1/1847/7061/products/MTZ00368H6_FGRN_1024x1024.jpg?v=1513031929'],3,all,2,https://matixclothing.com/collections/headwear/products/seasons-beanie-1?variant=977450106889Seasons Beanie,977450139657,$15.40,$0,RED,['OS'],[],['https://cdn.shopify.com/s/files/1/1847/7061/products/MTZ00368H6_RED_1024x1024.jpg?v=1513031929'],4,all,2,https://matixclothing.com/collections/headwear/products/seasons-beanie-1?variant=977450139657